entry_index,negative_affect,positive_affect,negative_volatility,positive_volatility
7,0.006741573033707865,0.003745318352059925,,
14,0.08421052631578947,0.0,,
25,0.0,0.0032679738562091504,,
36,0.0009852216748768472,0.027914614121510677,,
52,0.006060606060606061,0.030303030303030304,0.0013134611035827421,0.00021779784274590584
83,0.0,0.0,0.0011147928409525477,0.00020260544149001587
104,0.005970149253731343,0.0,0.0009443352375157563,0.00018572308653530558
130,0.0,0.07103825136612023,0.0008370051038338426,0.0006353540138860665
153,0.0,0.0,0.0007511457174128973,0.0005881731156188634
159,0.015384615384615385,0.03076923076923077,0.0006691539697117345,0.0005472446416235405
189,0.0,0.0,0.0006151886318511098,0.0005178854805017025
213,0.0,0.01568627450980392,0.0005690730434332427,0.000470825895994395
239,0.0,0.03333333333333333,0.000529259833094577,0.00045680865194312834
264,0.004285714285714286,0.03333333333333333,0.0004902592232451089,0.0004416224238186588
297,0.02,0.05000000000000001,0.0004635566760321567,0.0004791419603800977
301,0.0,0.038461538461538464,0.0004383840064302402,0.00046859467800170336
342,0.0,0.0392156862745098,0.0004157258129403029,0.0004585784318329301
370,0.0,0.022222222222222223,0.00039523751861525203,0.00043160332664530463
384,0.010714285714285714,0.005952380952380952,0.00037367339462085735,0.0004214899554361272
417,0.0,0.0,0.0003573062011979087,0.0004220517086546014
424,0.04878048780487805,0.05691056910569106,0.0004413505012268765,0.00047094500876711926
455,0.00404040404040404,0.04713804713804714,0.00013493069111094236,0.0004683159484948433
481,0.0,0.006944444444444444,0.00013493069111094236,0.00046047421981770424
507,0.01276595744680851,0.035460992907801414,0.00013588554697188798,0.0004652705363070186
533,0.0,0.0,0.00013793868433567362,0.0004969431865366309
562,0.017142857142857144,0.05714285714285714,0.00014163031100575233,0.0005139028370745814
569,0.0,0.0,0.0001440308735794873,0.0005139028370745814
592,0.0,0.007407407407407408,0.0001440308735794873,0.00042258827329179366
614,0.006711409395973154,0.042505592841163314,0.0001415809995929872,0.00040554684465386303
644,0.0,0.0,0.0001398228837773657,0.0004378394742517321
648,0.03225806451612903,0.04838709677419354,0.0001707244961835295,0.0004296805793316059
677,0.0065116279069767444,0.02635658914728682,0.00016747420973743212,0.0004226601695018616
699,0.013333333333333332,0.05555555555555556,0.00016490970857340685,0.00046090644860029056
712,0.00935672514619883,0.01949317738791423,0.0001637712598908244,0.00046366057615251227
746,0.0,0.05555555555555556,0.00016078338120112384,0.0004780940153342306
778,0.012962962962962963,0.009259259259259259,0.0001581589267167391,0.0004892985604567661
802,0.009958506224066391,0.016597510373443983,0.00015396732298061277,0.000485258999439834
826,0.0,0.0,0.00015396732298061277,0.0005179555988412247
832,0.0018779342723004694,0.028169014084507043,0.0001564878339117528,0.0004991812105904927
854,0.0,0.015503875968992248,0.0001564878339117528,0.0004693487465007577
872,0.004878048780487805,0.061788617886178863,6.802758136857731e-05,0.0004861950956775057
898,0.0,0.0,6.992813615314415e-05,0.0004957011276631797
908,0.016580310880829015,0.02072538860103627,7.252474602408224e-05,0.0004800111826881208
945,0.0034782608695652175,0.002898550724637681,7.141274998643633e-05,0.0004971547658148394
973,0.008888888888888889,0.037037037037037035,6.904523667709196e-05,0.0004746412771485358
977,0.00625,0.08333333333333333,6.357380787028248e-05,0.0005969485376763059
999,0.0078125,0.020833333333333332,6.115492122646209e-05,0.0005604730009141528
1027,0.02631578947368421,0.017543859649122806,7.627146233758232e-05,0.0005440966313204601
1049,0.0028169014084507044,0.0,7.770513322741468e-05,0.0005698761889670678
1084,0.0,0.0,7.770513322741468e-05,0.0005698761889670678
1114,0.0009216589861751152,0.015360983102918585,4.7327690461366056e-05,0.0005464178967032593
1147,0.010666666666666668,0.02,4.8153492982433e-05,0.0005470625035193324
1167,0.0,0.0,4.7879702659177533e-05,0.0005167472165367278
1172,0.0,0.0,4.908719003499476e-05,0.0005392588748648463
1178,0.011666666666666667,0.041666666666666664,4.892907010021222e-05,0.0004972588494439903
1193,0.0,0.0,4.8176125604963016e-05,0.0005115617348142751
1207,0.0,0.00980392156862745,4.857173081649833e-05,0.0005156395706523637
1213,0.0,0.016666666666666666,4.857173081649833e-05,0.0004966631453345516
1251,0.0,0.016771488469601678,4.9386510327588616e-05,0.0004928376234658741
1262,0.0,0.028985507246376812,4.9386510327588616e-05,0.0004969686289831852
1276,0.003076923076923077,0.018803418803418803,4.9574447473314916e-05,0.00039878192498429864
1301,0.02181818181818182,0.01818181818181818,6.206801612650661e-05,0.0003817768644603269
1308,0.0,0.04285714285714285,5.737312521730142e-05,0.0004116136682924488
1319,0.0,0.03333333333333333,5.860316089189671e-05,0.00040462291432088413
1334,0.0,0.0,5.892600737855419e-05,0.0004109171874905739
1341,0.012121212121212121,0.0707070707070707,6.168953213802166e-05,0.00033365936595250835
1350,0.0,0.0,6.231392565027333e-05,0.00035040993728870323
1353,0.0014814814814814816,0.018518518518518517,3.604368969232089e-05,0.00035045843721169984
1386,0.017777777777777778,0.07037037037037037,4.658690757783128e-05,0.0004678147269881288
1404,0.017777777777777778,0.07037037037037037,5.494792000298255e-05,0.0005591079166273837
1420,0.02777777777777778,0.07407407407407407,7.986162927650742e-05,0.0006742463737028484
1431,0.0051094890510948905,0.019464720194647202,7.879770233330063e-05,0.0006746864174436177
1448,0.0024242424242424242,0.02828282828282828,7.757821927724206e-05,0.0006327253853246843
1467,0.02564102564102564,0.05128205128205129,9.411778926598805e-05,0.0006079808700393822
1485,0.014285714285714285,0.0,9.565533191147849e-05,0.0006502264769677994
1515,0.0,0.125,9.565533191147849e-05,0.0010443229895158808
1525,0.02711864406779661,0.02824858757062147,0.0001111180281342594,0.0010111060349222648
1545,0.0,0.0,0.0001111180281342594,0.0010599584881616432
1559,0.005633802816901409,0.014084507042253521,0.00010747416985285264,0.0010656909205641108
1575,0.0,0.0,0.00010747416985285264,0.001127966510609563
1581,0.0,0.047619047619047616,0.00010989905014127718,0.0011228461308279848
1587,0.0031746031746031746,0.021164021164021163,0.00010202140103566598,0.0011178167687351049
1597,0.002898550724637681,0.03864734299516908,9.999566012775833e-05,0.0011155617979679213
1607,0.0,0.0,9.999566012775833e-05,0.001178924402095005
1613,0.01951219512195122,0.008130081300813009,0.00010226972991327756,0.0011532248840020087
1642,0.0,0.04597701149425287,0.00010580794790187514,0.0010890253561113544
1656,0.0,0.041666666666666664,0.00010580794790187514,0.0010308235580969455
1666,0.0,0.0,0.00010701697345015759,0.0010803806491789397
1671,0.0,0.0,0.00010537626551795962,0.0010601927941931242
1675,0.0,0.05555555555555555,0.00010207213978199294,0.0010093034876348511
1682,0.017142857142857144,0.09523809523809523,8.410764503065602e-05,0.001129976635760463
1690,0.0,0.03292181069958847,8.597103506484848e-05,0.0011226656284838276
1699,0.0,0.0,8.714969011997045e-05,0.001172807794769609
1707,0.0,0.2222222222222222,6.63907999370714e-05,0.0030117982319666525
1742,0.0,0.0,6.186195537575272e-05,0.0030117982319666525
1769,0.0,0.0,6.186195537575272e-05,0.0026591501724721176
1775,0.0,0.015873015873015872,3.199360787700274e-05,0.002672442261376616
1779,0.0,0.0,3.199360787700274e-05,0.002672442261376616
1787,0.0,0.025641025641025644,3.167358057984887e-05,0.0026573809359298588
1825,0.0,0.0,3.167358057984887e-05,0.0026573809359298588
1833,0.0,0.0,3.167358057984887e-05,0.0026951393059723334
1843,0.0036363636363636364,0.0909090909090909,3.173470449682857e-05,0.0028723731781937537
1848,0.0,0.03409090909090909,3.192929159091116e-05,0.002871009154086825
1858,0.00425531914893617,0.028368794326241134,3.1932295309023625e-05,0.0028114762031959035
1872,0.02222222222222222,0.024691358024691357,3.7230290243291065e-05,0.002778644733874931
1897,0.0,0.03125,3.7230290243291065e-05,0.002773491980050672
1908,0.009375,0.026041666666666668,3.929307336087103e-05,0.0027746048674613436
1917,0.02456140350877193,0.023391812865497075,6.213538173170537e-05,0.002717900488018453
1926,0.0,0.0,6.213538173170537e-05,0.002717900488018453
1935,0.0,0.041666666666666664,6.213538173170537e-05,0.002697946444922396
1947,0.00975609756097561,0.013550135501355013,5.469070368878131e-05,0.002510313578575098
1961,0.004511278195488721,0.005012531328320802,5.395585770808974e-05,0.0025422359844219215
1980,0.0,0.0392156862745098,5.395585770808974e-05,0.0024988592641932614
2011,0.0,0.13333333333333333,5.395585770808974e-05,0.001105607762621431
2028,0.012686567164179102,0.021144278606965175,5.677392512512836e-05,0.0010686425135019127
2056,0.014285714285714285,0.007936507936507936,6.013558183771093e-05,0.0010486432035724449
2082,0.009929078014184398,0.023640661938534275,5.9562636170556775e-05,0.0010416578879196123
2109,0.02,0.016666666666666666,6.74343157772056e-05,0.001005556911974263
2137,0.0,0.0,6.74343157772056e-05,0.001048380171967004
2146,0.00909090909090909,0.015151515151515152,6.509673647705251e-05,0.00101512891947924
2156,0.0,0.0,6.509673647705251e-05,0.00101512891947924
2177,0.014814814814814814,0.012345679012345678,6.713313293699902e-05,0.0008101330822102415
2208,0.01641337386018237,0.029381965552178316,6.717102603240609e-05,0.0008066736192966053
2234,0.048,0.02666666666666667,0.0001428675293352011,0.0008061502919603735
2257,0.05,0.08333333333333333,0.00021489777416208575,0.00097894004311269
2282,0.023529411764705882,0.0,0.00021243401877750197,0.0010153880871095753
2297,0.0,0.022727272727272724,0.00022074896030348514,0.0010158962799329003
2315,0.004597701149425287,0.007662835249042145,0.00021612639134256325,0.0010321843600863986
2330,0.0,0.0,0.00021612639134256325,0.0010321843600863986
2340,0.010638297872340425,0.06382978723404255,0.00020848075214248792,0.0010956930436878114
2347,0.0058823529411764705,0.02941176470588235,0.0002103142946886787,0.0010873522753408217
2355,0.09411764705882353,0.0196078431372549,0.0005390784439262273,0.0010644180936795348
2373,0.006060606060606061,0.0,0.0005302615345022816,0.0010933739433479966
2401,0.0,0.09523809523809523,0.0005302615345022816,0.0007340913782331365
2425,0.0,0.07692307692307693,0.0005440723664759818,0.0008744306243008116
2450,0.0,0.0,0.000557407697822815,0.0008931102541311826
2473,0.0,0.04666666666666667,0.0005683202182733385,0.0009135880218340673
2486,0.0178343949044586,0.029723991507431,0.0005674507661589239,0.0009075242517926976
2508,0.0032520325203252037,0.013550135501355013,0.0005628279984982589,0.0008768621347022733
2525,0.0,0.0,0.0005728173284783173,0.0009098070884116233
2545,0.0,0.030303030303030304,0.0005728173284783173,0.0008668740221315825
2566,0.0,0.0,0.000583701155175495,0.0008966168755512084
2590,0.0,0.015384615384615385,0.0005930296005448871,0.0009054839744197924
2599,0.0,0.0,0.0005323759022556731,0.0009449266571675488
2621,0.0022988505747126436,0.022988505747126436,0.0004492938974051093,0.0007673768161146349
2641,0.0069767441860465115,0.0,0.0004366505692947458,0.0007673768161146349
2663,0.008870967741935484,0.02150537634408602,0.00043350443699035355,0.0007675766938055062
2686,0.008,0.008,0.0004328552473381756,0.0007670153394208167
2710,0.00449438202247191,0.018726591760299626,0.00042998747052807646,0.0007379171463427744
2741,0.008928571428571428,0.014880952380952378,0.0004297346354585546,0.0006555485374853615
2772,0.009230769230769232,0.020512820512820513,0.0004294304664530841,0.0006527015929411544
2799,0.002857142857142857,0.021428571428571425,2.3410953190139935e-05,0.0006524662597857477
2826,0.026506024096385538,0.038152610441767064,4.88750898081896e-05,0.0006377307918135912
2851,0.0025974025974025974,0.021645021645021644,4.785561537363738e-05,0.00035434219957634336
2875,0.0058823529411764705,0.00980392156862745,4.643255254951832e-05,0.00017755825876415412
2894,0.006603773584905661,0.053459119496855355,4.4868716887584036e-05,0.0002266812314300238
2918,0.0,0.0,4.4868716887584036e-05,0.00020131714423088625
2947,0.0,0.0,3.8023337542313136e-05,0.00020569178882495786
2975,0.0026143790849673205,0.008714596949891068,3.814924412947865e-05,0.00020786208487630326
2997,0.01764705882352941,0.03333333333333333,4.4816646464807595e-05,0.0002098201432452511
3017,0.024193548387096774,0.01075268817204301,5.962950179257527e-05,0.00020143476602456586
3039,0.015000000000000003,0.02777777777777778,6.000829382753997e-05,0.00019333537475598093
3051,0.0,0.010256410256410256,6.000829382753997e-05,0.00019571303046365783
3070,0.0,0.0,6.000829382753997e-05,0.00019571303046365783
3095,0.0058823529411764705,0.00980392156862745,5.863747811642039e-05,0.0001962280433994661
3121,0.0,0.006172839506172839,6.168630269304547e-05,0.00018745248334980916
3139,0.001226993865030675,0.024539877300613498,6.347688839557106e-05,0.00018943303397284423
3155,0.0015748031496062992,0.010498687664041995,6.492100623653762e-05,0.00018740484234044475
3173,0.01818181818181818,0.03787878787878788,7.102118885021503e-05,0.00020917967533676937
3194,0.005106382978723405,0.03546099290780142,7.115529441310371e-05,0.0002236417566674514
3217,0.0,0.01020408163265306,7.349610700241484e-05,0.00022732407007193122
3247,0.019047619047619046,0.031746031746031744,7.989376067097687e-05,0.00023583348029230705
3274,0.007804878048780488,0.016260162601626018,6.0169456734173397e-05,0.00021568398764524308
3307,0.0,0.0,6.16197730206957e-05,0.00023061170748274454
3318,0.009929078014184398,0.014184397163120569,6.215915857727285e-05,0.00022832993432587935
3326,0.0,0.0,6.44347864037947e-05,0.00016635194973567226
3347,0.0,0.008403361344537815,6.44347864037947e-05,0.0001571634201608902
3354,0.0017699115044247787,0.016224188790560472,6.339710821813568e-05,0.00014505008607282476
3360,0.0,0.0,6.48078800603758e-05,0.00015517318519541037
3367,0.0,0.0,5.9427415103248655e-05,0.00014701485881718902
3401,0.015584415584415584,0.030303030303030304,4.617991625872024e-05,0.00016045497893597634
3429,0.0,0.035555555555555556,4.172793625733441e-05,0.00017436205070216678
3444,0.00449438202247191,0.05243445692883895,4.070104982085194e-05,0.00024280754644014313
3457,0.012,0.04,4.2178778115278165e-05,0.00025129799425235394
3474,0.011707317073170732,0.03739837398373984,4.4336515983746395e-05,0.00026270689975128826
3491,0.005405405405405406,0.022522522522522525,4.27127251411036e-05,0.0002516505516841188
3507,0.008695652173913044,0.03140096618357488,4.199176872895392e-05,0.000256430324996115
3517,0.0,0.0,4.286011709292961e-05,0.00027412555233326003
3527,0.0,0.0,3.604842035855987e-05,0.00027856128535062586
3534,0.0018691588785046728,0.006230529595015576,3.6562474699002254e-05,0.00027095639032275316
3541,0.0,0.0,3.6562474699002254e-05,0.00028415321101061294
3566,0.006666666666666666,0.005555555555555556,2.580893233035183e-05,0.0002781642025103305
3587,0.0,0.0,2.597224512561725e-05,0.0002906367222544986
3604,0.015789473684210527,0.021929824561403508,3.1945487176324394e-05,0.0002800319664150806
3611,0.006521739130434782,0.010869565217391304,3.064889825170664e-05,0.0002812522733419462
3618,0.0,0.0,3.064889825170664e-05,0.0002812522733419462
3629,0.021621621621621623,0.0427927927927928,4.372443546727275e-05,0.0003130966868807856
3639,0.019672131147540985,0.0,5.251947307398504e-05,0.00032871147632792153
3653,0.0,0.0,5.251947307398504e-05,0.00032871147632792153
3659,0.011428571428571429,0.0,5.122885443838038e-05,0.00032871147632792153
3671,0.0,0.03787878787878788,4.940959301778411e-05,0.0003423094480117686
3679,0.00736842105263158,0.02631578947368421,4.724280723037368e-05,0.000328753038161295
3697,0.0009049773755656109,0.006033182503770739,4.8706004306478166e-05,0.00026219215203783784
3698,0.0009049773755656109,0.006033182503770739,4.8417174623185284e-05,0.00022851363353330504
3717,0.0,0.02150537634408602,4.814786219672121e-05,0.00019990431980442702
3740,0.005,0.041666666666666664,4.815339286354314e-05,0.0002395278360424954
3747,0.01021897810218978,0.024330900243309,4.881035722983618e-05,0.00022826628232957853
3754,0.0,0.015723270440251572,4.881035722983618e-05,0.00021984431243932337
3761,0.006521739130434782,0.036231884057971016,4.723105992808425e-05,0.00023459211464646294
3768,0.0,0.027322404371584702,4.816428459478016e-05,0.00023702168708512327
3775,0.0013986013986013986,0.055944055944055944,4.743309148893754e-05,0.0002980535159721329
3781,0.0008403361344537815,0.0196078431372549,4.85380920205664e-05,0.00028803013791405495
3788,0.0,0.010101010101010102,4.85380920205664e-05,0.0002721754898450925
3816,0.015625,0.013020833333333334,4.8359737271516545e-05,0.0002745352219325847
3833,0.032,0.04,8.382161000505543e-05,0.0002896758251700756
3845,0.012334801762114538,0.04111600587371513,8.276180786093653e-05,0.00028233858217002164
3875,0.01144578313253012,0.03614457831325301,7.259015698341658e-05,0.0002708940716963524
3892,0.005970149253731343,0.029850746268656716,6.338751097168748e-05,0.00024333811228798393
3913,0.003934426229508197,0.020765027322404372,6.163596059447826e-05,0.0002114737671631403
3936,0.0036199095022624436,0.0196078431372549,6.046497456046067e-05,0.00017810771608226891
3954,0.0,0.047619047619047616,6.046497456046067e-05,0.0001945589551728399
3987,0.008695652173913044,0.0,6.0757587223691136e-05,0.000230933450765831
4014,0.015730337078651686,0.0299625468164794,6.384166257007425e-05,0.00021019912923975236
4023,0.004081632653061225,0.039455782312925174,6.240442804837112e-05,0.0001928941605412115
4032,0.024,0.07333333333333335,7.384644743134554e-05,0.0002890479220921917
4041,0.008099688473520248,0.01557632398753894,7.332487906730645e-05,0.00029403649192849557
4051,0.0,0.025641025641025644,7.640228478888816e-05,0.000293370057062136
4070,0.009782608695652173,0.012681159420289856,7.32428484683688e-05,0.0002983568488858046
4095,0.0014925373134328358,0.03233830845771144,7.539808115084513e-05,0.0002964373722240507
4113,0.0,0.0,7.539808115084513e-05,0.0003400385556421172
4121,0.0037735849056603774,0.006289308176100628,7.404162691426191e-05,0.0003179825585192266
4128,0.00980392156862745,0.03594771241830066,7.123622927924417e-05,0.00032093017613736373
4135,0.0015625,0.0026041666666666665,6.995706576984725e-05,0.0003366597532813994
4143,0.0,0.006666666666666667,7.06059171467112e-05,0.0003474251050421707
4152,0.008064516129032258,0.016129032258064516,3.832005213847855e-05,0.00034018513801755605
4160,0.030158730158730156,0.018518518518518517,6.49275473576898e-05,0.00032639884236693536
4168,0.0,0.037037037037037035,6.673690003098783e-05,0.00032763061764022394
4175,0.0,0.013333333333333334,6.91275874456494e-05,0.0003302320305088787
4180,0.007092198581560283,0.016548463356973995,6.87268381638332e-05,0.0003319688772437273
4189,0.0025974025974025974,0.008658008658008658,6.912116764378341e-05,0.00034125642161333497
4196,0.0,0.01348747591522158,6.912116764378341e-05,0.0003071623503541807
4204,0.011267605633802818,0.015258215962441314,6.997954074551891e-05,0.00028634250252058155
4216,0.006896551724137931,0.017241379310344827,6.564733538716081e-05,0.00028239670259987875
4235,0.005970149253731343,0.0,6.535809497878018e-05,0.00028083083491064743
4249,0.011494252873563218,0.03065134099616858,5.017786829379813e-05,0.00012495209460706364
4258,0.001834862385321101,0.016819571865443427,5.069152884572707e-05,0.0001249437835461069
4267,0.01990521327014218,0.007898894154818327,5.8790656753732145e-05,0.00012322377363231608
4275,0.005263157894736842,0.017543859649122806,5.829064478791541e-05,0.00012301161267532645
4283,0.0048000000000000004,0.024000000000000004,5.7143380984479247e-05,0.00011183911556878478
4290,0.05,0.025641025641025644,0.00014780531599067697,0.00010360116127006855
4299,0.0,0.0,0.00015060297250442105,0.00011234781054961836
4314,0.0,0.02,0.0001544094681494262,9.191238852412945e-05
4321,0.0024590163934426227,0.03415300546448088,0.00015380955601925527,9.917863603250705e-05
4343,0.005741626794258372,0.013556618819776716,0.0001503869963914492,9.407289319695684e-05
4360,0.006926406926406926,0.017316017316017316,0.00015052516882991588,9.399406003583117e-05
4369,0.008934707903780068,0.03550973654066438,0.00012492908542611884,0.00011045981798563134
4386,0.005405405405405406,0.04804804804804805,0.0001220889203939443,0.00013831717520900808
4400,0.01818181818181818,0.02727272727272727,0.00012363329504366493,0.00014003582281142424
4417,0.0,0.016666666666666666,0.0001273773148537854,0.0001400000431732572
4422,0.0,0.0,0.00012929673317183356,0.00015361651623645539
4428,0.0,0.014245014245014245,0.00012929673317183356,0.0001532013914069203
4466,0.0,0.04794520547945205,0.0001320703975445907,0.00019343539352075488
4474,0.0056603773584905665,0.031446540880503145,0.00013225013593754864,0.00019831505415186898
4483,0.0,0.047619047619047616,0.00013507465840343767,0.00020424655273357914
4498,0.0,0.0,0.00013664254649871604,0.00022917000346142047
4504,0.0,0.025641025641025644,0.0001377612962569771,0.0002279866875472435
4509,0.004081632653061224,0.08163265306122448,0.0001282252970634185,0.00038474666115218096
4514,0.003361344537815126,0.03361344537815126,0.0001285281680324399,0.00038265770508702886
4522,0.017543859649122806,0.05263157894736842,0.00013533703319255563,0.00041395552024709516
4531,0.005280528052805281,0.0209020902090209,3.015946639633257e-05,0.0004165778408668377
4539,0.004145077720207254,0.02072538860103627,2.9195223461738894e-05,0.00037607517057729927
4548,0.00274914089347079,0.017182130584192438,2.8303851234013937e-05,0.000379274113371749
4556,0.0015873015873015873,0.03439153439153439,2.8531285780242303e-05,0.0003793986746755714
4564,0.000975609756097561,0.011382113821138212,2.9034071822162604e-05,0.0003832426374699217
4573,0.009433962264150945,0.015723270440251572,3.0057110895340986e-05,0.00038536335238636976
4590,0.02027027027027027,0.04729729729729729,4.193208104397492e-05,0.0004002279839231707
4609,0.008108108108108109,0.024774774774774775,4.24314758583955e-05,0.00038240566815457523
4637,0.0,0.01875,3.3864006013766694e-05,0.0003871875402664229
4653,0.00234375,0.014322916666666666,3.311238280836906e-05,0.0003902899506657366
4663,0.007973421926910298,0.028792912513842746,3.270139678094103e-05,0.00034684396746318953
4672,0.0,0.0,3.270139678094103e-05,0.00037979090785746837
4679,0.0,0.03112449799196787,3.270139678094103e-05,0.0003599306576127129
4690,0.0,0.01636904761904762,3.3716702317594286e-05,0.0003656647542520911
4697,0.006589785831960461,0.03459637561779242,3.284091832329282e-05,0.0003460766101245981
4707,0.0007575757575757576,0.02777777777777778,3.2493044226186314e-05,0.0003071929603194163
4730,0.01875,0.0,4.067629728452273e-05,0.0003461133465681803
4744,0.0,0.020161290322580645,4.2203563152443564e-05,0.0001789483461319628
4753,0.0022304832713754648,0.012391573729863692,4.2521311525162534e-05,0.00017893240918212042
4764,0.0,0.0,3.555255333250946e-05,0.00015030775332582806
4782,0.008633093525179856,0.018385291766586733,3.636890157113849e-05,0.0001503413032210995
4796,0.0,0.0,3.748205706283049e-05,0.0001695975468650013
4802,0.034666666666666665,0.013333333333333334,8.246843374656758e-05,0.00017094146112827462
4809,0.00291970802919708,0.01338199513381995,8.1922033948869e-05,0.00015781978123735458
4823,0.0011869436201780415,0.01384767556874382,8.180843357852271e-05,0.00015655456712139877
4842,0.005092592592592592,0.020061728395061727,8.126981894239111e-05,0.00015666076181324504
4857,0.0022988505747126436,0.020114942528735632,7.037776533526277e-05,0.00010911380358111637
4873,0.007006369426751593,0.02866242038216561,7.008699524654125e-05,0.00011329285881692755
4902,0.0027777777777777775,0.011574074074074075,6.900424155744458e-05,0.00011424631562123157
4921,0.007590759075907591,0.024752475247524757,6.882458858461254e-05,0.00011757506219614888
4945,0.01038961038961039,0.03463203463203463,6.976497168855087e-05,0.0001266718765931414
4958,0.007785888077858881,0.026763990267639908,6.825187532077721e-05,0.00011442965745671122
4969,0.0,0.02666666666666667,6.825187532077721e-05,0.00010945072822346512
4975,0.01818181818181818,0.0,7.342423590545929e-05,0.00012595742170480855
4980,0.011707317073170732,0.04227642276422764,7.459734484689213e-05,0.00014284480715072946
4990,0.013043478260869565,0.010869565217391304,7.394374355621837e-05,0.00013927238272297277
5000,0.0065395095367847406,0.01725703905540418,6.721261531442862e-05,0.00012347459807228163
5013,0.0044362292051756,0.033887861983980284,6.487993652548921e-05,0.00013637004157978695
5028,0.007655502392344497,0.02073365231259968,6.344259917507808e-05,0.0001345357559411597
5035,0.0,0.014947683109118088,6.344259917507808e-05,0.00011603224089172478
5042,0.0009049773755656109,0.012066365007541477,6.558480642462825e-05,0.00011884159652877884
5058,0.0,0.041666666666666664,6.558480642462825e-05,0.00012103532627730327
5069,0.016666666666666666,0.03333333333333333,2.9760132575289735e-05,0.00012410586041624412
5077,0.015384615384615385,0.034188034188034185,3.308149125880939e-05,0.00012605513237018922
5080,0.005527638190954774,0.015912897822445562,3.139836558308274e-05,0.00012418850288171122
5090,0.012598425196850394,0.055118110236220465,3.2590120407287003e-05,0.00017288040425397013
5106,0.013173652694610776,0.017964071856287425,3.252099094122612e-05,0.0001742791342023011
5117,0.004081632653061224,0.019047619047619046,3.3275693800799834e-05,0.0001753603221474922
5144,0.004145077720207254,0.03972366148531952,3.262874077025143e-05,0.00017613725052292002
5147,0.006730769230769232,0.028044871794871796,3.270191920759702e-05,0.00017621555967661123
5160,0.016981132075471698,0.015723270440251572,3.656867427926434e-05,0.00017741906416533383
5173,0.0,0.022988505747126436,4.0002353576455875e-05,0.0001775537710853538
5177,0.00196078431372549,0.021241830065359475,3.8566533237358406e-05,0.00017814247758293815
5185,0.01518987341772152,0.023206751054852325,3.580302090143426e-05,0.00014436721000310576
5196,0.013740458015267177,0.0,3.683814537825464e-05,0.00016134359107517035
5211,0.0064516129032258064,0.026881720430107527,3.546820234032126e-05,0.00015220697006243476
5247,0.0,0.0,3.8342272273036995e-05,0.00018061160544439612
5266,0.029714285714285714,0.011428571428571429,6.272057279195094e-05,0.0001820635308674127
5279,0.005095541401273886,0.006369426751592358,6.328803106557234e-05,0.0001953696960865848
5290,0.0020797227036395147,0.02079722703639515,6.166158089022219e-05,0.00019274266403163912
5317,0.0,0.0,6.242807102222729e-05,0.00021300184331644724
5330,0.002666666666666667,0.0,6.0404372005399026e-05,0.00021215459976053796
5370,0.0,0.016129032258064516,6.0157754018470376e-05,0.00020208049415934036
5378,0.0,0.0028011204481792717,5.967058209489832e-05,0.0002002931908730823
5384,0.09333333333333334,0.0,0.00043149054293463223,0.00021505812058561036
5389,0.0014492753623188406,0.021739130434782608,0.000436295907933277,0.0001346330311485604
5397,0.0014492753623188406,0.021739130434782608,0.00044028851189965336,0.00013664091890868324
5407,0.0035010940919037196,0.018964259664478483,0.00044068252007275723,0.00013660481174889992
5421,0.01818181818181818,0.06060606060606061,0.00044155144502261505,0.00021299894871154514
5430,0.004597701149425287,0.038314176245210725,0.0004427209771176234,0.00023136451439495202
5440,0.0082687338501292,0.012058570198105084,0.0004408655901255467,0.00023231501142821143
5448,0.0,0.0,0.0004408655901255467,0.00024246458220363073
5458,0.006486486486486487,0.008108108108108109,0.0004378769517160183,0.00024261740096256294
5467,0.0,0.0,0.0004420911188915337,0.0002481714359309923
5470,0.0,0.0,0.00044590526726080715,0.0002481714359309923
5480,0.0,0.14814814814814814,0.0004498283101036919,0.0011568583955909844
5497,0.014883720930232557,0.017054263565891473,0.0004470529986350884,0.0011366457310724074
5503,0.0,0.03333333333333333,0.00042824036125812387,0.0011403821578933639
5511,0.0,0.125,0.0004311499203545013,0.0016574971933238432
5514,0.0024330900243309003,0.0316301703163017,0.0004309417193337041,0.0016560184932253403
5520,0.0,0.0,0.0004309417193337041,0.0016560184932253403
5523,0.003669724770642202,0.01834862385321101,0.00043044341690784443,0.001619194391133989
5534,0.0,0.0,0.00043044341690784443,0.0016535423783075865
5537,0.01193490054249548,0.023508137432188065,0.0004276247264217977,0.001620290611767962
5550,0.016783216783216783,0.011655011655011656,3.7117841967592323e-05,0.001591592936536825
5558,0.008633093525179856,0.03117505995203837,3.725368200490394e-05,0.001588325960242061
5574,0.01015228426395939,0.010152284263959392,3.7750268185972544e-05,0.0016050924610500645
5610,0.005169628432956382,0.01992460958535272,3.754255404493444e-05,0.0016040833471389793
5627,0.001941747572815534,0.012944983818770225,2.9152310128255994e-05,0.0015613578444192888
5638,0.02631578947368421,0.03508771929824561,5.239312606470876e-05,0.0015580587632644308
5664,0.0013605442176870747,0.009070294784580499,5.300852000143003e-05,0.0015631757325165715
5705,0.0038314176245210726,0.03065134099616858,5.152907334704938e-05,0.0015238205385417318
5727,0.006030150753768844,0.03685092127303182,5.150073514874236e-05,0.001504067690404622
5731,0.0,0.0,5.150073514874236e-05,0.001504067690404622
5766,0.0,0.16666666666666666,5.150073514874236e-05,0.002371434735191553
5776,0.0,0.028806584362139915,5.150073514874236e-05,0.0017005991362412263
5809,0.0,0.0,4.8121365877598064e-05,0.001742138855660772
5830,0.003067484662576687,0.02351738241308794,4.7005536305580317e-05,0.001744793843515685
5846,0.002061855670103093,0.018327605956471937,4.6118553736053946e-05,0.0012554356585611885
5892,0.00920096852300242,0.03470540758676352,4.645950228243169e-05,0.0012579201389284742
5937,0.002973977695167286,0.01858736059479554,4.5177561077774754e-05,0.001225166009771056
5943,0.005291005291005291,0.023809523809523808,4.4969950781188964e-05,0.0012219719877940003
5969,0.0,0.02459016393442623,4.4969950781188964e-05,0.0011829080097432998
5992,0.004724409448818898,0.005249343832020997,4.286561523820566e-05,0.0012082134338706522
6032,0.0,0.0,3.6798376169940956e-05,0.0012339400098984668
6058,0.0,0.0,3.680323229144907e-05,0.0012672118590365627
6080,0.0028169014084507044,0.004694835680751174,3.482506158709745e-05,0.0012772002040663637
6089,0.0,0.0043859649122807015,3.5382967404045415e-05,0.001297041391274266
6100,0.0017094017094017096,0.03703703703703704,3.542330825474818e-05,0.0012982875948283784
6124,0.0,0.027613412228796846,6.762382632103194e-06,0.0012932243294478413
6143,0.015094339622641511,0.020440251572327043,1.5047028975390445e-05,0.0012809481655075762
6170,0.006122448979591836,0.03231292517006803,1.5548538608280627e-05,0.0012820227563022073
6198,0.003022670025188917,0.03190596137699412,1.5027152182388275e-05,0.0012772743996984273
6237,0.003733333333333333,0.040888888888888884,1.462201092039537e-05,0.0012526967379266074
6275,0.0,0.009708737864077669,1.462201092039537e-05,0.0001798531994534965
6313,0.0056603773584905665,0.03459119496855346,1.4441915246206055e-05,0.0001872972047940362
6342,0.0,0.0,1.4441915246206055e-05,0.0001872972047940362
6356,0.0,0.16666666666666666,1.497905739620149e-05,0.001270635807302619
6362,0.0,0.0,1.5421403620065982e-05,0.0013037292341585897
6378,0.0,0.037037037037037035,1.3665455140819843e-05,0.0013061721799600572
6383,0.0,0.047619047619047616,1.3977286079154159e-05,0.0013257347900359328
6395,0.0,0.0,1.3771753682088364e-05,0.001363147195123464
6401,0.0,0.0,1.3771753682088364e-05,0.0013976439268936318
6407,0.0,0.015151515151515152,1.3604598671893232e-05,0.001381951914274893
6423,0.0,0.0,1.3604598671893232e-05,0.001381951914274893
6429,0.0,0.0,1.3604598671893232e-05,0.001381951914274893
6462,0.005555555555555555,0.041666666666666664,1.424163514110063e-05,0.001369318373392302
6485,0.0,0.05691056910569106,1.424163514110063e-05,0.001380287095034545
6529,0.0,0.0196078431372549,1.4448107553475667e-05,0.0013825241332329676
6557,0.0058823529411764705,0.0196078431372549,1.4964938143765906e-05,0.0013869864112894424
6573,0.0,0.0,5.954452485632233e-06,0.0014256607127548834
6583,0.0,0.03125,4.848900087381616e-06,0.0014251992587991458
6594,0.10666666666666666,0.0,0.000561917424013184,0.0014617398762905326
6607,0.10666666666666666,0.0,0.0010630592181557113,0.0014814037038359304
6621,0.0,0.0,0.0010630592181557113,0.00150071261409556
6647,0.00449438202247191,0.003745318352059925,0.0010638465781552763,0.001512291232745245
6678,0.025742574257425745,0.016501650165016504,0.001065918019642604,0.001487756159764045
6699,0.007766990291262136,0.022653721682847894,0.001058509872873346,0.00034365198921007474
6718,0.0,0.0,0.001058509872873346,0.00034365198921007474
6740,0.004709141274238228,0.028162511542012925,0.001053105802473825,0.0003275525940354012
6771,0.0014388489208633094,0.00959232613908873,0.0010511836876315132,0.0002698619723272111
6797,0.005555555555555555,0.013888888888888888,0.0010448636466719066,0.0002601466564913219
6825,0.007751937984496124,0.0103359173126615,0.0010366696310334256,0.0002503249434763341
6848,0.007462686567164178,0.01243781094527363,0.001028368957437655,0.00025049383097486944
6868,0.008456659619450317,0.031007751937984496,0.0010190508271464003,0.0002518341127106728
6900,0.007142857142857143,0.014880952380952378,0.0010103932002491877,0.000238049669462423
6929,0.007692307692307693,0.007326007326007327,0.0010084377052080769,0.00020644771417695898
6951,0.0,0.0182648401826484,0.0010084377052080769,0.00011020604952300233
6974,0.0,0.010416666666666666,0.0010084377052080769,0.00010800126512165954
6978,0.0041841004184100415,0.043235704323570434,0.0010102782173749265,0.0001535843012320657
7005,0.004524886877828055,0.027149321266968326,0.0010040208953996834,0.0001513292620594798
7046,0.005017921146953405,0.019713261648745522,0.0009970859696217878,0.0001383017587318678
7083,0.01,0.05444444444444444,0.000539330729446944,0.00020360917979374271
7114,0.002127659574468085,0.023049645390070924,3.2258636206280585e-05,0.00018847096560932564
7141,0.0017543859649122805,0.029239766081871343,3.135926554442384e-05,0.00017476998641293735
7160,0.09230769230769231,0.05128205128205129,0.0004049315040623429,0.00020740991397472826
7178,0.0,0.0,0.0003958998134589858,0.0002308870646500017
7212,0.002654867256637168,0.019174041297935103,0.00039781333477043783,0.0002310164376913735
7242,0.004081632653061224,0.024943310657596373,0.0003949345807833325,0.0002065141696890171
7269,0.0021897810218978104,0.00851581508515815,0.0003963482632739727,0.00021395288516372511
7308,0.011221122112211223,0.01045104510451045,0.0003936383055157694,0.00021291838113680073
7344,0.010526315789473686,0.02373581011351909,0.00039296351904368,0.00020989000131088072
7354,0.0,0.03333333333333333,0.0003973577036741415,0.00020814578468513191
7368,0.0062176165803108805,0.024179620034542316,0.00039764550690741694,0.00020182386030711893
7377,0.0097323600973236,0.0308191403081914,0.0003976532453116879,0.00020168089285084646
7387,0.002197802197802198,0.0018315018315018317,0.00039987842597049363,0.00022232000751633518
7398,0.0028328611898017,0.03399433427762039,0.0004016367537606353,0.00021372493573825873
7404,0.0019704433497536944,0.0049261083743842365,0.0004000515653409711,0.00023121937063287566
7411,0.0,0.028011204481792718,0.0004000515653409711,0.00022205599838420447
7417,0.0,0.05000000000000001,0.0004029057471103001,0.0002376119358788052
7466,0.0,0.0,0.0004058075341048925,0.000268151476013752
7469,0.00909090909090909,0.027056277056277056,0.00040525487995654027,0.00026785696102228326
7499,0.006060606060606061,0.020202020202020204,0.0004053861175816383,0.000216565700630402
7504,0.002013422818791946,0.015659955257270694,0.0004054603703382382,0.00021866414601247883
7530,0.0,0.0,0.0004068124549722143,0.00023872228558156577
7534,0.023703703703703706,0.03950617283950617,3.443053853641384e-05,0.00020738266851971055
7546,0.008178438661710035,0.017967781908302352,3.370746656225446e-05,0.00018604396408593266
7562,0.004739336492890996,0.014218009478672985,3.3380840329369175e-05,0.00018807617054756708
7623,0.003144654088050315,0.00628930817610063,3.3538770508201956e-05,0.00019668629363925547
7652,0.004560260586319217,0.023887079261672096,3.3070860337346585e-05,0.0001906709414246298
7684,0.018426966292134833,0.023970037453183518,4.01510994145204e-05,0.00018578863755273274
7704,0.020930232558139535,0.046511627906976744,5.0881799271402735e-05,0.00021833393583843924
7716,0.0,0.041666666666666664,5.0881799271402735e-05,0.0002316440157135263
7724,0.0,0.01596806387225549,5.27966497652664e-05,0.00023359379476585283
7734,0.0038461538461538464,0.014245014245014245,5.214153838789839e-05,0.0002321594071579354
7746,0.015028901734104044,0.007707129094412331,5.579878659514074e-05,0.00022184728957227767
7785,0.0,0.0,5.721196458798629e-05,0.00023523860264288115
7813,0.014184397163120565,0.03546099290780142,5.938138128251085e-05,0.00023376185756692624
7827,0.022916666666666665,0.010416666666666666,6.948887966632322e-05,0.00023702623332413613
7833,0.00898203592814371,0.02694610778443114,6.610901951287526e-05,0.00019210084408072947
7856,0.006542056074766355,0.0264797507788162,6.253990947417307e-05,0.00017313001499043515
7884,0.002564102564102564,0.05128205128205129,6.43445791032681e-05,0.00021866321635130053
7893,0.0,0.050505050505050504,6.76040869693938e-05,0.0002590993816044697
7899,0.0,0.022222222222222227,6.907304199851585e-05,0.00025588225354608005
7921,0.00380952380952381,0.022222222222222223,6.663580029085609e-05,0.00022498884747137928
7926,0.010869565217391304,0.025362318840579712,5.376165115594576e-05,0.0002132059087683236
7934,0.0,0.007751937984496124,5.646697904906997e-05,0.00022508978387974132
7940,0.0,0.023809523809523808,5.873142953163801e-05,0.00022016112459005753
7945,0.0,0.0,6.0432631924952944e-05,0.00023395344619982537
7951,0.0,0.07017543859649122,6.246742322956294e-05,0.000341407373997879
7969,0.0065326633165829154,0.025125628140703515,5.448929786604401e-05,0.0003412107778412862
7980,0.002666666666666667,0.017777777777777778,4.209944122800313e-05,0.0003210362020157771
8017,0.0061068702290076335,0.010178117048346055,4.081611568966162e-05,0.00031456156811386133
8026,0.0,0.010416666666666666,4.081611568966162e-05,0.00032031787059804735
8032,0.009688581314878894,0.020761245674740487,4.1688683297889303e-05,0.0003165014121730525
8038,0.0,0.0,3.789891336907409e-05,0.00033206478272417993
8042,0.03225806451612903,0.02150537634408602,7.382225529647211e-05,0.00030347478344407017
8053,0.08,0.0,0.00034464132898818134,0.0003232692346797473
8064,0.0017142857142857144,0.01904761904761905,0.00033750238488256207,0.0003163367301052137
8094,0.008823529411764706,0.02573529411764706,0.00033749704530582525,0.00031585335817893557
8125,0.0,0.0,0.0003410395452583603,0.0003398692180246889
8131,0.010576923076923078,0.027243589743589744,0.00033945258479081274,0.00029262767567329493
8139,0.010112359550561797,0.02247191011235955,0.00033535552200024296,0.0002418808828101365
8147,0.011578947368421053,0.02982456140350877,0.0003308970767866093,0.0002476770573811699
8156,0.009,0.03833333333333334,0.0003290056131673254,0.00026617013457888805
8168,0.002197802197802198,0.018315018315018316,0.00033196856749650295,0.00026450932014263426
8176,0.001058201058201058,0.010582010582010581,0.00033095935678466716,0.0002614327543474999
8188,0.0,0.0253968253968254,0.00033095935678466716,0.0002622678982953397
8197,0.004,0.02666666666666667,0.0003277106221652729,0.00024268093984377618
8209,0.003813559322033898,0.01765536723163842,0.00032449747602843724,0.00010861350236826524
8224,0.026190476190476188,0.015873015873015872,0.0003366309025170774,0.00010629666098274701
8231,0.0027397260273972603,0.0045662100456621,0.00033656716442744244,0.00011517891848875143
8239,0.01868131868131868,0.027472527472527476,0.00033800563757787304,0.00011729852255847265
8247,0.00435967302452316,0.03723887375113533,0.00033362263156732437,0.0001315957559595348
8257,0.001941747572815534,0.02588996763754045,0.0003383774237228153,0.00013362722456333729
8266,0.0093841642228739,0.015640273704789834,0.00033146786095842066,0.00011344011199422223
8274,0.014910858995137763,0.03133441383036197,0.0003093792021907631,0.00011933882479145436
8283,0.011185682326621925,0.020134228187919465,4.67329122812573e-05,9.517644642903664e-05
8352,0.0008163265306122449,0.02857142857142857,4.733083094063592e-05,9.6780800563142e-05
8362,0.008374384236453201,0.02545155993431855,4.7281584740535055e-05,9.668662337617058e-05
8377,0.0032719836400818,0.021813224267211998,4.521785328770721e-05,6.896819751542946e-05
8396,0.012345679012345678,0.029835390946502057,4.590811037438347e-05,7.031892017200555e-05
8416,0.0,0.0,4.8557714348901554e-05,9.836288836644665e-05
8423,0.010582010582010581,0.014109347442680775,4.815758843086721e-05,9.864395924508165e-05
8433,0.0014778325123152708,0.018062397372742203,4.959527990400477e-05,8.379143466730986e-05
8468,0.0,0.023333333333333334,5.0916905156244186e-05,8.377467908777983e-05
8506,0.012811387900355872,0.030842230130486356,5.077374343675294e-05,8.212029728215903e-05
8533,0.002515723270440252,0.0041928721174004195,4.914530994177523e-05,9.700640211192053e-05
8545,0.00958904109589041,0.0136986301369863,4.866563361849934e-05,9.758971410166862e-05
8562,0.0044596912521440825,0.018296169239565466,4.8418803959466786e-05,9.743281768182127e-05
8589,0.005982905982905983,0.02492877492877493,2.9678952143447442e-05,9.729621558362887e-05
8614,0.003852889667250438,0.022183304144775248,2.926848440704578e-05,8.276440705017392e-05
8641,0.017573221757322174,0.029288702928870296,2.794718874639843e-05,8.404218464450866e-05
8663,0.012792511700468018,0.01768070722828913,2.9361696432396868e-05,7.12645492714499e-05
8717,0.005797101449275362,0.01932367149758454,2.797362235130185e-05,6.987758912906122e-05
8762,0.004633204633204634,0.018018018018018018,2.8103004178066206e-05,6.895994733157965e-05
8794,0.0,0.020833333333333332,2.7036361145414016e-05,6.255817873345778e-05
8817,0.00101010101010101,0.021885521885521887,2.7090771238568692e-05,6.273076900503233e-05
8836,0.0,0.041666666666666664,2.7560436405751285e-05,8.295841232978551e-05
8857,0.009156626506024097,0.01927710843373494,2.7798605777859025e-05,8.182328641620112e-05
8886,0.0015748031496062992,0.03762029746281715,2.8410800699681076e-05,9.656232365044729e-05
8914,0.004945054945054946,0.011904761904761904,2.605611998587889e-05,9.644054959662288e-05
8943,0.0036036036036036037,0.01951951951951952,2.4642751125184046e-05,7.36632825978731e-05
8955,0.00734341252699784,0.02159827213822894,2.3474881659533388e-05,7.077280857335728e-05
8967,0.005450236966824645,0.02764612954186414,2.2600437931215384e-05,7.168775793209787e-05
8982,0.01702127659574468,0.02127659574468085,2.695525183868275e-05,7.165106535481749e-05
8995,0.008450704225352112,0.011267605633802816,2.501156960402918e-05,7.27632766766642e-05
9007,0.021739130434782608,0.07246376811594203,3.585607262803334e-05,0.00018426915800969485
9017,0.0034782608695652175,0.01884057971014493,3.621780212039847e-05,0.0001797345962281287
9031,0.0,0.06410256410256411,3.837812301716348e-05,0.00025340203834572634
9040,0.006956521739130435,0.011594202898550725,3.834995182096093e-05,0.00026529288599307375
9050,0.0,0.006802721088435374,4.0274841714989816e-05,0.0002839471684392924
